,K,L,w
0,5.653292203429881,7.499265167815149,40.38065859592773
1,5.784911527079604,7.673862229799475,41.320796621997175
2,5.273745802751156,6.995785248547453,37.66961287679398
3,6.002643974931537,7.962690987154081,42.87602839236813
4,5.65793316406534,7.505421544168309,40.41380831475243
5,5.238713904406948,6.949314362988809,37.4193850314782
6,7.529347003857678,9.987909290831615,53.781050027554855
7,5.50472038709055,7.302180105324199,39.31943133636107
8,4.358911907745506,5.782230081703223,31.135085055325042
9,5.47895362424917,7.267999705636655,39.13538303035122
10,6.346843544886098,8.419282253420334,45.33459674918642
11,6.339426676300443,8.409443550194466,45.28161911643174
12,5.2235124485732465,6.929149166474716,37.31080320409462
13,5.566668960631862,7.384356784511654,39.761921147370444
14,4.770584569233067,6.328326469390803,34.07560406595048
15,5.953684123681643,7.897744245700139,42.52631516915459
16,4.83313978090501,6.411307872629096,34.52242700646436
17,6.219898311244409,8.250885514916053,44.42784508031721
18,4.006103733720843,5.314219238609281,28.61502666943459
19,7.029284393592019,9.324560930275128,50.209174239942996
20,6.654158503715348,8.826944953908114,47.52970359796677
21,6.09733478127599,8.088301240468152,43.5523912948285
22,5.723401321042941,7.5922670585263505,40.881438007449574
23,6.535069166790066,8.668969302884781,46.6790654770719
24,5.670221357407074,7.521722208805303,40.50158112433625
25,7.185044486063371,9.531181461104472,51.32174632902409
26,5.550701662142773,7.363175674271027,39.647869015305524
27,4.8502105188959135,6.4339527291476415,34.64436084925653
28,5.655815835131038,7.502612842520764,40.39868453665027
29,5.914589400636224,7.845883898803154,42.2470671474016
30,5.311471886773523,7.045830053883245,37.93908490552516
31,4.946140060324636,6.561206202471456,35.32957185946169
32,5.582100501293652,7.404827195593621,39.87214643781181
33,5.015390090328697,6.653068487170722,35.82421493091927
34,6.396901761045871,8.485686009550646,45.69215543604194
35,4.874240262421872,6.465828919539219,34.816001874441945
36,6.296644956333761,8.352692289014174,44.976035402384014
37,5.261701505911517,6.979808120086707,37.583582185082264
38,4.932198478275737,6.542712267100468,35.22998913054098
39,6.3392917314305475,8.409264541693585,45.28065522450391
40,5.360333587988786,7.110646596311656,38.288097057062764
41,5.82103261191009,7.721777954574611,41.578804370786365
42,6.242940483582162,8.281451661894705,44.592432025586874
43,6.870707963963506,9.114204441992408,49.07648545688219
44,5.878698246083571,7.798273183580249,41.9907017577398
45,5.661673419452134,7.510383107436504,40.4405244246581
46,4.118482111759305,5.4632925972317326,29.417729369709324
47,6.9014916248905696,9.155039910569124,49.29636874921836
48,5.984636261692228,7.93880320428561,42.7474018692302
49,5.12262260213538,6.795315696710198,36.590161443824144
50,6.590660886531166,8.742713420908691,47.076149189508335
51,5.341227762976208,7.085302134560277,38.15162687840149
52,4.490043579222429,5.9561802581522025,32.07173985158878
53,4.501035669643106,5.970761602587794,32.150254783165046
54,4.834618645751974,6.413269632119966,34.53299032679982
55,5.136133026841849,6.81323768866776,36.68666447744178
56,3.669709731800816,4.8679822972867965,26.21221237000583
57,4.714995598255293,6.254585997685594,33.67853998753781
58,5.927230999309396,7.862653366430832,42.3373642807814
59,3.38285393464892,4.487459301064894,24.16324239034943
60,6.9622744102390755,9.235670136031429,49.73053150170769
61,5.3133835927338655,7.048365990361252,37.952739948099044
62,6.460985247059968,8.570694715487713,46.149894621856916
63,5.900316442578902,7.8269503830128295,42.14511744699216
64,4.495251226458654,5.963088361628828,32.108937331847535
65,5.46624330294602,7.251139075336558,39.044595021043
66,5.2048763690705435,6.90442783652215,37.177688350503885
67,6.245358317573558,8.284658992699619,44.60970226838256
68,5.414652592216231,7.182702418246022,38.67608994440165
69,6.0274575081646935,7.995606898585819,43.0532679154621
70,5.786263073843664,7.6756550979558815,41.330450527454744
71,5.443084524957612,7.220418247392751,38.87917517826866
72,4.958954358695666,6.578204761535068,35.421102562111905
73,5.36716641834971,7.119710554953697,38.33690298821221
74,4.530534959900849,6.009893314154188,32.360963999291776
75,4.234757091284771,5.617534917010411,30.248264937748367
76,5.957169271236863,7.902367400620328,42.551209080263305
77,5.30189545671538,7.033126626255097,37.87068183368129
78,4.937724371834258,6.550042534065852,35.26945979881613
79,5.001420610947328,6.634537545134211,35.72443293533806
80,6.506002411629169,8.630411362365225,46.47144579735121
81,5.13521931829353,6.8120256263077446,36.68013798781093
82,5.782371925391997,7.670493370417956,41.30265660994284
83,6.086963810690677,8.074543830508041,43.47831293350484
84,4.9201737352972135,6.52676107743508,35.14409810926581
85,5.820503143876392,7.721075599019706,41.57502245625995
86,6.346642057393141,8.419014974092942,45.33315755280815
87,7.184464506070462,9.53041209988939,51.317603614789014
88,5.820939839336674,7.721654888915997,41.57814170954767
89,5.087163520154592,6.748278138980582,36.336882286818515
90,5.5999695485608445,7.428531033805203,39.999782489720324
91,6.042702136286475,8.01582936446165,43.162158116331966
92,5.059334973207461,6.711362719560918,36.138106951481866
93,5.660018793342569,7.508188195250348,40.42870566673264
94,4.482564519443178,5.946259056404216,32.0183179960227
95,6.326100343080109,8.391765761228715,45.186431022000775
96,4.601986524625369,6.104676002054061,32.871332318752636
97,4.887045032121484,6.482814838528499,34.90746451515346
98,4.698934658040477,6.233280668829204,33.563818986003405
99,6.319564518539755,8.383095789899675,45.13974656099825
100,4.5984174980288355,6.099941579017844,32.84583927163454
101,6.559932975496038,8.701951906270256,46.85666411068599
102,4.0860970936268535,5.420332879300929,29.186407811620384
103,5.4432685389117585,7.220662347536007,38.88048956365542
104,5.915313021151283,7.846843803568029,42.25223586536631
105,5.119705458112074,6.791446015862957,36.569324700800536
106,5.79855670771259,7.691962979618744,41.41826219794708
107,4.924197046557971,6.532098122985064,35.172836046842654
108,6.677936497677325,8.858487190796453,47.6995464119809
109,5.543622974069279,7.353785577847003,39.597306957637706
110,4.791863405625387,6.356553497258166,34.227595754467046
111,5.933123157711539,7.87046949492347,42.37945112651099
112,6.232887022674643,8.268115438241875,44.52062159053317
113,5.714767244269772,7.580813691378269,40.81976603049837
114,6.4534352331947105,8.560679390972576,46.09596595139079
115,6.262183348918748,8.306977911830995,44.72988106370535
116,5.732798708264352,7.604732980350671,40.94856220188823
117,5.964330036120293,7.911866374445287,42.60235740085923
118,6.945436653912698,9.213334336822967,49.610261813662135
119,5.775849701876557,7.661841441264821,41.256069299118266
120,6.425822562621943,8.524050338171966,45.89873259015674
121,4.978115316201946,6.603622358227072,35.55796654429962
122,6.048047344258735,8.022919946465668,43.20033817327668
123,5.948813937217052,7.89128379426752,42.49152812297895
124,5.787800912121321,7.677695087507876,41.34143508658087
125,5.747680601581208,7.624474267403643,41.054861439865775
126,4.206776162179219,5.580417357992842,30.048401158422998
127,5.388236582994262,7.147660773359736,38.48740416424473
128,4.754958998416467,6.307598671368784,33.96399284583191
129,5.661511214131346,7.510167937113011,40.43936581522391
130,6.249324759856755,8.289920599809982,44.63803399897682
131,3.874614481605691,5.139794720497346,27.67581772575494
132,5.872051580479262,7.789456178186777,41.94322557485187
133,5.108283472434186,6.776294402208614,36.487739088815616
134,6.507193286734589,8.631991094647924,46.47995204810421
135,5.2374380363428115,6.947621884944547,37.41027168816294
136,5.653271770165002,7.499238062463779,40.38051264403573
137,6.15171219827998,8.16043454873875,43.940801416285574
138,5.575074377385227,7.395506827143669,39.82195983846591
139,6.435940211729973,8.53747170943772,45.97100151235695
140,5.610173907930436,7.442067428887314,40.07267077093169
141,5.518614884870878,7.320611581971574,39.4186777490777
142,5.825878362842279,7.728205991525473,41.613416877444855
143,4.931611670913519,6.541933849170995,35.22579764938228
144,5.6950790099652755,7.554696645872305,40.67913578546626
145,6.63294470655259,8.798804202569764,47.378176475375646
146,6.984386347237337,9.265002297355652,49.88847390883813
147,5.507219031105561,7.305494633099213,39.33727879361115
148,4.68218079852247,6.211056161305318,33.44414856087479
149,5.350371349967352,7.097431382609753,38.21693821405251
150,4.891986116499357,6.489369338213434,34.94275797499541
151,4.8923550623985985,6.48985875624304,34.94539330284714
152,5.088309155046861,6.749797858735633,36.34506539319187
153,6.276462369613438,8.325919469895378,44.83187406866742
154,5.2777409852532475,7.001084980437981,37.69814989466605
155,4.890082638481795,6.486844316353403,34.929161703441395
156,5.463881569189813,7.2480061632109765,39.02772549421295
157,6.216176937594733,8.245948998850157,44.40126383996238
158,6.738921268878078,8.939385356675004,48.13515192055771
159,6.213544485211138,8.242456970178042,44.38246060865099
160,6.164384032652669,8.17724412494742,44.03131451894764
161,6.354032403011157,8.428818493790311,45.38594573579398
162,4.688865641236787,6.219923809803902,33.491897437405626
163,6.639053869907178,8.806908194774831,47.42181335647985
164,5.681995592055616,7.537341091502348,40.58568280039726
165,6.633370592985466,8.799369153960312,47.381218521324755
166,5.8244092655894315,7.726257189047205,41.6029233256388
167,5.950389121157676,7.893373323984674,42.50277943684055
168,4.524646728782683,6.002082395323968,32.318905205590596
169,5.925995337605487,7.861014223354219,42.32853812575348
170,6.355560375422536,8.43084539596867,45.39685982444669
171,5.704309082554691,7.566940619715408,40.74506487539065
172,5.7239783322600015,7.59303248156939,40.88555951614287
173,3.7464869813708077,4.969829669165358,26.76062129550577
174,5.4459926433923815,7.224275955520507,38.89994745280273
175,5.400899663655678,7.1644587375024305,38.577854740397704
176,5.550739349468982,7.3632256676629355,39.648138210492725
177,5.043403266533444,6.690228822952529,36.02430904666746
178,5.524732618590979,7.328726943028849,39.46237584707842
179,5.693221139109477,7.5522321233084915,40.66586527935341
180,4.88769556429623,6.483677789372551,34.9121111735445
181,5.498333936105015,7.293708282588286,39.27381382932154
182,5.819399132312806,7.719611093884336,41.56713665937719
183,5.5338684766218496,7.3408459383759235,39.52763197587036
184,5.715817326311692,7.582206657352245,40.827266616512084
185,5.718324360428256,7.585532314853809,40.84517400305897
186,5.601716051382188,7.430847823262087,40.012257509872775
187,6.643794913665884,8.813197334454745,47.45567795475632
188,6.121906750608435,8.120896709990783,43.72790536148882
189,6.014517786893919,7.978441962206219,42.96084133495656
190,4.3795960838892745,5.809668274546998,31.28282917063768
191,5.946651398919005,7.888415121015007,42.476081420850036
192,4.873873793451907,6.465342787232123,34.8133842389422
193,6.3197924733002715,8.383398178867708,45.141374809287655
194,5.420253109945843,7.190131676458772,38.71609364247031
195,5.19525673035498,6.891667091287219,37.108976645392715
196,4.67493381836033,6.201442820273907,33.3923844168595
197,6.2944584879846115,8.349791871816322,44.96041777131865
198,5.453035554432156,7.233618592614085,38.95025396022969
199,4.44938891855236,5.902250606242928,31.78134941823115
200,6.082382371380787,8.068466411015331,43.44558836700563
201,5.5103676561715424,7.30967138063572,39.359768972653875
202,4.544309524609689,6.028165695910814,32.45935374721207
203,4.754474514153916,6.306955988163359,33.96053224395654
204,5.760552674374748,7.641549466007319,41.14680481696249
205,4.406065737619613,5.844781080515814,31.47189812585438
206,5.172246818612775,6.861143738976132,36.9446201329484
207,5.298251938419798,7.028293387699733,37.84465670299856
208,6.206216413738822,8.232736059041295,44.33011724099159
209,5.9846985990239,7.938885896664358,42.747847135885
210,6.002617071947819,7.962655299522618,42.875836228198715
211,5.592249951359833,7.418290751803861,39.9446425097131
212,6.366610063650547,8.44550314565889,45.47578616893248
213,5.559552188716089,7.374916168705018,39.71108706225778
214,7.335776683528657,9.731132335293116,52.39840488234755
215,4.914819103906065,6.519657994977433,35.10585074218618
216,6.0384316073656725,8.01016437711773,43.131654338326236
217,5.89468219234492,7.819476377600404,42.10487280246372
218,5.581643233994123,7.404220616522818,39.86888024281517
219,4.743782593851165,6.292772828578076,33.88416138465118
220,6.673764971416979,8.852953533512322,47.66974979583557
221,5.327907923005682,7.067632959089171,38.056485164326304
222,6.666121471308529,8.842814196633764,47.615153366489494
223,6.385528993350246,8.47059968505645,45.61092138107319
224,5.86237886883898,7.776625030092525,41.87413477742129
225,5.812124381920315,7.709960914792255,41.51517415657368
226,6.665110370321334,8.841472940222179,47.60793121658096
227,4.695907622882117,6.229265214027299,33.542197306300835
228,5.42416025533923,7.195314624429592,38.74400182385165
229,5.774978114258951,7.660685253608812,41.24984367327822
230,5.517412445078746,7.319016508777928,39.41008889341961
231,6.735831861703498,8.935287163484235,48.113084726453565
232,3.449173824003837,4.575434664494886,24.636955885741695
233,4.920027179338849,6.526566666469902,35.14305128099178
234,3.924428909729413,5.205875084334936,28.03163506949581
235,5.788292045076598,7.678346590407733,41.34494317911856
236,7.38332648201447,9.794208598590625,52.73804630010336
237,5.292374007535361,7.020496132444868,37.80267148239544
238,5.88954336052306,7.812659559877529,42.068166860879
239,4.735070906216444,6.281216508246304,33.821935044403176
240,6.5367912023227195,8.671253635734221,46.69136573087657
241,5.346013747209826,7.091650889155892,38.18581248007018
242,4.736609661254386,6.28325771390888,33.83292615181705
243,4.859529530047069,6.4463146827155,34.71092521462192
244,3.642384908029954,4.831735082080551,26.017035057356814
245,6.072753036153654,8.05569280306097,43.37680740109753
246,6.265470352958189,8.311338223311884,44.75335966398707
247,5.726740836673459,7.596697028240302,40.905291690524706
248,5.126124694020321,6.799961328802467,36.615176385859435
249,6.390196888883136,8.47679179137559,45.644263492022404
250,6.171530047873271,8.186723532893117,44.08235748480909
251,5.331903585885608,7.072933328215603,38.08502561346863
252,5.138545529937749,6.816437947876607,36.703896642412495
253,6.163937178210579,8.17665135885077,44.02812270150414
254,6.610086044051522,8.768481487007122,47.21490031465373
255,6.157179375656769,8.167686926891632,43.979852683262635
256,5.644945699512513,7.488193274863538,40.321040710803665
257,5.657782200436669,7.505221286293542,40.41273000311907
258,5.259913662558745,6.977436491149356,37.57081187541961
259,5.599251864282751,7.427579003640384,39.99465617344822
260,6.099047665416978,8.0905734337164,43.56462618154985
261,5.077642156054859,6.735647758031957,36.268872543248996
262,5.277306656483675,7.000508830029365,37.69504754631196
263,5.607133109923398,7.438033717245324,40.05095078516713
264,5.115209103184022,6.785481463407377,36.53720787988588
265,6.061858571974487,8.0412409628233,43.29898979981777
266,6.0315481534727855,8.001033264810838,43.082486810519896
267,6.434714378394995,8.53584560399336,45.962245559964245
268,5.6312383919476305,7.470010111767266,40.22313137105451
269,4.57829123957911,6.07324348107433,32.70208028270793
270,5.070803317390263,6.726575829191165,36.220023695644734
271,6.5870879764168535,8.737973846267256,47.05062840297753
272,4.953594386198022,6.571094593936152,35.38281704427159
273,4.249432262038661,5.637001980255367,30.353087585990433
274,5.818407567366407,7.718295752628909,41.5600540526172
275,5.693973570443609,7.553230246506829,40.67123978888293
276,6.104465855881668,8.097760829230785,43.60332754201192
277,5.539193211132691,7.347909361706632,39.56566579380494
278,5.835312651038152,7.740720863622039,41.68080465027252
279,4.585922125917444,6.083366085400692,32.75658661369603
280,5.685574572290194,7.542088718344135,40.61124694492996
281,5.05802746135787,6.709628265066563,36.12876758112765
282,4.866631842343068,6.455736117393867,34.761656016736204
283,5.261775665574136,6.979906495149366,37.58411189695812
284,4.466124115976809,5.9244503579284205,31.900886542691495
285,4.597918805447739,6.09928004804292,32.84227718176957
286,5.039408717149617,6.684929930912758,35.995776551068694
287,5.130489398073582,6.805751242342508,36.64635284338273
288,6.357090048723554,8.432874554429207,45.40778606231111
289,5.996128018609966,7.954047371625466,42.829485847214045
290,4.911070891531269,6.514685876521072,35.07907779665192
291,5.518178976334989,7.320033335954577,39.41556411667849
292,5.799215606029845,7.692837028406939,41.4229686144989
293,5.577041970685195,7.398116899888524,39.83601407632282
294,5.672836323795648,7.525191041769737,40.5202594556832
295,5.9103305461352,7.84023439793445,42.216646758108574
296,6.328718063786483,8.395238247880028,45.20512902704631
297,4.689098620125499,6.220232863431784,33.49356157232499
298,6.464377276019212,8.575194345739773,46.17412340013723
299,6.705169464054343,8.894612554357803,47.89406760038817
300,4.316188271858443,5.725555870832629,30.829916227560307
301,5.810319512901511,7.70756670078772,41.502282235010796
302,6.473381933945577,8.587139300131888,46.23844238532555
303,4.126600301363398,5.474061624257568,29.475716438309984
304,4.826452635224732,6.402437169175665,34.47466168017666
305,5.529491141762448,7.335039269684882,39.4963652983032
306,5.907149650469036,7.836014842458927,42.19392607477884
307,5.975188807330413,7.926270866866875,42.679920052360096
308,6.194188033367252,8.21678004426268,44.24420023833751
309,4.567059219576055,6.058343862702931,32.621851568400395
310,5.187138410034659,6.880897890862303,37.05098864310471
311,6.059189227947636,8.03769999625707,43.27992305676883
312,5.438728265723818,7.214639536164249,38.848059040884415
313,5.623264932441255,7.459433073646564,40.16617808886611
314,5.625968703212173,7.46301970834268,40.18549073722981
315,6.271018872959317,8.318698504946033,44.79299194970941
316,6.530309953465784,8.662656060719916,46.64507109618417
317,6.29686077052172,8.352978573141058,44.97757693229801
318,6.6417733161910615,8.810515623518757,47.4412379727933
319,4.794421702392986,6.359947156235594,34.245869302807044
320,5.526798765505421,7.331467750160253,39.47713403932444
321,4.849455733289092,6.43295148293451,34.638969523493515
322,6.188226167192726,8.208871446276065,44.20161547994804
323,6.0024970280469,7.962496057613236,42.87497877176357
324,5.308953405908645,7.042489211919632,37.921095756490324
325,5.367799437425898,7.120550274136396,38.34142455304213
326,5.59767129253019,7.4254823268257635,39.983366375215645
327,5.192585187904053,6.888123208444154,37.08989419931467
328,5.941820731826712,7.882007093239516,42.44157665590509
329,5.570976908885965,7.390071409746688,39.79269220632832
330,5.521063915372902,7.32386029590283,39.43617082409216
331,5.193815567209595,6.889755344257627,37.09868262292568
332,5.522179072513724,7.325339585987594,39.44413623224089
333,6.931287703616865,9.194565321124415,49.50919788297762
334,4.483147316712175,5.947032154822274,32.0224808336584
335,5.08221478006168,6.74171348375529,36.301534143297715
336,5.567853390970699,7.385927967614193,39.77038136407642
337,5.115236084105857,6.7855172544261375,36.53740060075612
338,6.635431998761179,8.802103671826053,47.39594284829413
339,5.603365642567128,7.433036056466598,40.024040304050914
340,5.765329048289149,7.647885472220302,41.18092177349393
341,6.345737789629217,8.417815435222431,45.32669849735155
342,5.519672265073504,7.32201422917914,39.42623046481075
343,5.747544054964543,7.6242931341366385,41.05388610688959
344,4.607267753200196,6.111681713428832,32.909055380001405
345,5.974013021853379,7.924711151438157,42.671521584667
346,5.23222502140449,6.940706661046774,37.373035867174934
347,5.714475369995319,7.580426511218282,40.81768121425228
348,4.912320682116031,6.516343761990654,35.088004872257365
349,6.127718874484371,8.12860667023437,43.769420532031226
350,5.904372486584498,7.832330849550866,42.17408918988928
351,4.592014498942341,6.091447804719431,32.80010356387386
352,5.4264947865931585,7.19841145160317,38.76067704709399
353,6.429046292041406,8.528326713932477,45.92175922886719
354,5.515047067433459,7.315878762921936,39.39319333881043
355,5.655840358434057,7.502645373432934,40.39885970310041
356,4.908260431649186,6.510957715453003,35.059003083208474
357,5.137560121835333,6.8151307738631965,36.69685801310952
358,5.712719546867094,7.578097358089003,40.805139620479245
359,6.269901916929828,8.317216828580385,44.78501369235592
360,5.946749607395413,7.888545397565344,42.476782909967234
361,5.663149630198243,7.512341346181342,40.4510687871303
362,5.48505307837687,7.276090818255033,39.17895055983479
363,5.453806948721913,7.234641870753558,38.955763919442234
364,5.761869495777399,7.643296269908795,41.15621068412428
365,5.578990568610404,7.400701774687271,39.84993263293146
366,5.070502634759669,6.726176964477113,36.21787596256907
367,5.535553877696041,7.34308167449475,39.53967055497173
368,4.5684867594209955,6.060237538007444,32.63204828157854
369,4.750065948164949,6.301107890422893,33.9290424868925
370,5.813013285439675,7.71114007252202,41.521523467426256
371,5.174120387515557,6.863629085479821,36.95800276796827
372,7.428030483616117,9.853509825205053,53.057360597257976
373,5.48377425724754,7.27439442287939,39.16981612319672
374,6.1470444004492295,8.154242572024488,43.90746000320878
375,6.021708884061976,7.9879811727352745,43.0122063147284
376,4.326459680743146,5.739181209149072,30.903283433879615
377,3.690307132734926,4.895305380158575,26.35933666239233
378,5.681638145706045,7.536866927977408,40.58312961218604
379,5.988150843862448,7.943465405123656,42.77250602758892
380,5.68314322362012,7.538863459904242,40.593880168715145
381,5.1764427395946555,6.866709756605156,36.974590997104684
382,6.5477653925098425,8.685811234962037,46.76975280364174
383,5.815352402104177,7.714242982383093,41.53823144360127
384,5.212843261732963,6.914996163523319,37.23459472666402
385,5.248662059337218,6.962510895039167,37.49044328098013
386,5.376246998185119,7.1317562220823,38.401764272750846
387,5.372487579189155,7.126769237699899,38.374911279922536
388,5.278139366071452,7.00161344478866,37.70099547193894
389,6.6455157694489575,8.815480102330252,47.46796978177827
390,6.753516475341738,8.95874634484108,48.239403395298126
391,4.435650539962734,5.884026226481178,31.68321814259096
392,6.485802629389434,8.603615732863535,46.32716163849596
393,4.287875730209749,5.687998417625178,30.627683787212497
394,6.556653469781547,8.69760154154695,46.83323906986819
395,7.548934125081223,10.013892206740397,53.92095803629445
396,6.141128928507843,8.146395517408363,43.865206632198884
397,4.74136823782819,6.289570111404743,33.86691598448707
398,4.711065990381111,6.249373252546372,33.65047135986508
399,5.903988093611217,7.8318209405046755,42.171343525794406
400,6.487188965302016,8.605454749890429,46.33706403787154
401,5.824115422144779,7.725867396722665,41.60082444389128
402,5.136516099541674,6.813745846330792,36.689400711011956
403,4.263443386936728,5.65558816634464,30.453167049548057
404,5.054679143677446,6.70518661916396,36.104851026267475
405,6.464065988535539,8.574781413363471,46.171899918110995
406,6.166821788106232,8.180477882181737,44.048727057901665
407,6.7166188744887405,8.909800547791187,47.97584910349101
408,6.031025754572882,8.000340286678314,43.078755389806304
409,6.233416571931153,8.268817901541327,44.52440408522253
410,5.842045105263512,7.749651670247517,41.72889360902509
411,5.080536271617312,6.739486890920924,36.289544797266515
412,3.9803459913709887,5.280050804879884,28.431042795507064
413,6.0319410875338155,8.001554503871388,43.0852934823844
414,5.295229640759963,7.024284217334646,37.82306886257117
415,5.901671622990035,7.828748071313313,42.15479730707168
416,5.4333321173828,7.207481380201675,38.809515124162864
417,5.094567300210925,6.758099479871636,36.38976643007804
418,4.7044251727777056,6.240564004705121,33.60303694841219
419,5.714669619550274,7.580684189199345,40.81906871107339
420,5.749935665707599,7.627465678999877,41.07096904076857
421,5.12589667679162,6.799658856968477,36.613547691368716
422,5.053164128300806,6.703176904888826,36.094029487862905
423,6.04250907896206,8.015573268010895,43.160779135443285
424,6.158657661327252,8.169647918087172,43.99041186662323
425,5.3645627233707,7.116256673859092,38.31830516693357
426,3.8037632247710844,5.0458083593902145,27.169737319793462
427,6.3955739856872516,8.483924674891252,45.68267132633751
428,5.897692492870519,7.823469633399668,42.126374949075135
429,4.995609641247054,6.6268291159399695,35.68292600890753
430,5.0772502904528665,6.7351279363150285,36.266073503234765
431,6.222163542154057,8.253890413061505,44.44402530110041
432,5.4314389565367485,7.204970044385483,38.79599254669106
433,6.093174091403807,8.082781957984642,43.52267208145577
434,5.519371463530347,7.321615206723931,39.42408188235962
435,4.737727792238868,6.284740948888294,33.8409128017062
436,6.715362115910407,8.908133419064828,47.96687225650292
437,6.280694509395369,8.33153353287141,44.86210363853836
438,5.742967382199906,7.618222037612121,41.02119558714219
439,5.122526726581176,6.7951885148525815,36.589476618436976
440,4.580698637700294,6.076436968377942,32.71927598357353
441,6.306994764916056,8.366421626929462,45.04996260654326
442,5.596723558677341,7.424225128857698,39.97659684769529
443,5.391924735280079,7.1525532202694935,38.51374810914342
444,5.666446032483915,7.516714124723562,40.47461451774225
445,6.39191039086602,8.479064804210028,45.656502791900145
446,6.850763369728298,9.0877473271906,48.93402406948785
447,6.455153944189573,8.562959313720864,46.10824245849695
448,6.643449995794207,8.812739790339256,47.45321425567291
449,6.161203195926963,8.173024647658217,44.008594256621166
450,6.8796622572622095,9.126082586164157,49.14044469473008
451,6.021714347379674,7.987988419993447,43.01224533842625
452,6.436796714870854,8.538607887073583,45.97711939193468
453,5.926993616219066,7.86233847049468,42.335668687279046
454,5.681688299574269,7.53693345861893,40.583487854101925
455,6.200376302761955,8.224988973051575,44.2884021625854
456,6.417758730257601,8.513353417688656,45.8411337875543
457,5.611626904031646,7.443994872695042,40.08304931451176
458,5.274177031982184,6.996357287323305,37.67269308558703
459,5.26241044447305,6.980748548790781,37.58864603195036
460,5.079640918502248,6.738299177605024,36.283149417873204
461,4.828694898070093,6.405411599480736,34.49067784335781
462,5.750844124032844,7.6286707767782636,41.077458028806035
463,4.702100508479889,6.237480266350873,33.586432203427776
464,5.792435632756171,7.683843186309207,41.37454023397265
465,6.616425176740312,8.776890540573884,47.260179833859375
466,5.2779141966146295,7.001314750611243,37.69938711867592
467,5.629582865232031,7.467814004899634,40.211306180228796
468,5.249193220247405,6.963215496246559,37.49423728748147
469,5.644406160798036,7.4874775602422945,40.31718686284312
470,5.906418810992118,7.835045361520158,42.188705792800846
471,7.429587034332785,9.855574637380226,53.068478816662754
472,3.9153854257464857,5.193878625990236,27.96703875533204
473,4.898825136669169,6.498441507826448,34.99160811906549
474,5.220084800921922,6.924602286937244,37.28632000658516
475,5.649246704060113,7.493898689059335,40.351762171857956
476,5.982947790278633,7.936563395267576,42.735341359133095
477,4.999065880645717,6.631413923305543,35.707613433183695
478,6.419773325194055,8.516025839543135,45.85552375138611
479,5.651670671813501,7.4971141564872985,40.3690762272393
480,5.443514715152931,7.22098890785593,38.882247965378085
481,5.999796076336501,7.958913162487195,42.85568625954644
482,4.350068930168439,5.7704996012438485,31.07192092977457
483,6.625196296042239,8.788525698831544,47.322830686016
484,6.014555082639687,7.978491436154687,42.96110773314062
485,4.598212182369055,6.099669221509971,32.844372731207535
486,6.73997424558897,8.94078216251598,48.14267318277835
487,5.3837963770364565,7.1417707042320355,38.455688407403265
488,6.141307383748195,8.146632243747607,43.86648131248711
489,6.177846766400039,8.195102853387807,44.127476902857424
490,5.940393954331141,7.880114429214778,42.431385388079576
491,5.468415017939692,7.2540199217567345,39.0601072709978
492,5.140491746279069,6.819019663431418,36.717798187707636
493,6.22771218533236,8.261250858093947,44.48365846665971
494,6.367844521077989,8.447140691225904,45.484603721985636
495,5.6384699460352445,7.4796029896385905,40.27478532882318
496,6.00936958620851,7.9716127163990445,42.92406847291793
497,4.722682407710998,6.264782785739079,33.73344576936427
498,5.23463912034048,6.943909037186351,37.39027943100343
499,5.091368278637374,6.753855879825088,36.36691627598124
500,6.09688813032115,8.087708744303567,43.54920093086536
501,6.564781725187248,8.708383921166758,46.891298037051776
502,4.979460761908016,6.605407133143287,35.567576870771546
503,5.240876838449894,6.952183561209043,37.434834560356386
504,4.958253230423772,6.577274693419289,35.41609450302694
505,5.4997567402172916,7.295595675798448,39.283976715837795
506,4.860683499317434,6.44784545827823,34.71916785226739
507,3.8680864705556743,5.131135114002426,27.629189075397676
508,5.155283280745407,6.838641086703092,36.82345200532434
509,5.20808849366959,6.908688818133129,37.200632097639925
510,6.721041489453728,8.915667281928418,48.00743921038378
511,6.793145487310449,9.011315442350597,48.52246776650321
512,5.685783228265197,7.542365506882405,40.61273734475141
513,5.082935004536814,6.742668883569244,36.306678603834385
514,6.523707230334372,8.653897346361921,46.59790878810266
515,5.3850702669213915,7.14346055816103,38.464787620867085
516,5.934058517259618,7.871710277997453,42.38613226614013
517,6.452383105494407,8.559283711370131,46.088450753531475
518,6.846211790662393,9.081709518225624,48.901512790445665
519,5.674409901486214,7.527278440747019,40.531499296330104
520,6.016587338548531,7.9811872858296855,42.97562384677523
521,5.906006660928104,7.834498631843403,42.18576186377217
522,4.934666051509824,6.545985578533441,35.247614653641605
523,5.581709661760589,7.404308734988535,39.869354726861346
524,6.241580378330242,8.279647440642158,44.58271698807316
525,4.743298437798187,6.292130580752699,33.88070312712991
526,5.0130453490025,6.649958116023725,35.80746677858929
527,5.837053197833706,7.743029752228387,41.69323712738362
528,5.3196559720100165,7.056686493482677,37.99754265721441
529,5.802269636767923,7.696888293671735,41.44478311977088
530,6.27397305701909,8.32261732053553,44.81409326442208
531,5.421031233225222,7.191163880808969,38.72165166589445
532,4.550604984275136,6.036516815875181,32.50432131625097
533,5.563360606727309,7.3799681517811235,39.73829004805221
534,4.914846753572593,6.5196946731065015,35.10604823980424
535,5.8643514380052135,7.779241703476305,41.8882245571801
536,5.12389808639314,6.797007665623553,36.59927204566529
537,4.484323297486055,5.948592129318237,32.030880696328964
538,5.416347446092123,7.184950693795675,38.68819604351517
539,5.985493846705695,7.9399408170585755,42.75352747646925
540,5.960655256256866,7.906991666463192,42.57610897326334
541,4.839544600514403,6.41980406190686,34.56817571796002
542,5.800997593802047,7.69520088973741,41.435697098586054
543,5.777938375570031,7.664612130858204,41.27098839692879
544,6.471994579404853,8.58529893186358,46.22853271003466
545,5.966882492183595,7.915252285549668,42.620589229882825
546,4.996926854781183,6.6285764400158556,35.69233467700845
547,5.63207770469659,7.471123485822007,40.2291264621185
548,4.329581346717616,5.743322194625409,30.925581047982973
549,7.400452476385811,9.816926754389343,52.86037483132723
550,5.273072050350294,6.994891495362635,37.66480035964496
551,5.210197615682491,6.911486633048201,37.21569725487493
552,4.676826738725237,6.203953837084498,33.405905276608834
553,5.654243389072216,7.500526944687635,40.38745277908726
554,5.219393989863877,6.92368590492147,37.28138564188484
555,5.54958193611831,7.3616903234222475,39.63987097227364
556,5.739318086843808,7.613381135609134,40.99512919174149
557,4.945795215770846,6.560748755614388,35.32710868407747
558,4.618304306925475,6.126322039799099,32.98788790661053
559,4.777904116892815,6.338036073429244,34.12788654923439
560,5.1065094706663405,6.773941134557391,36.47506764761672
561,5.750375703435732,7.628049402516789,41.07411216739809
562,5.479036860054798,7.268110120480855,39.135977571819986
563,3.960803061520231,5.2541265101798995,28.291450439430225
564,6.871742600221718,9.115576918661464,49.08387571586942
565,4.732643993615547,6.277997134387971,33.804599954396764
566,4.666061220068727,6.1896730470299435,33.32900871477662
567,5.37175420197756,7.1257963903783965,38.369672871268286
568,5.797633559980606,7.690738395892643,41.411668285575765
569,5.440423434647761,7.216888229634786,38.860167390341154
570,6.114801214085405,8.111470998276557,43.677151529181465
571,5.3856872488131895,7.144279003527702,38.46919463437993
572,6.410469335584783,8.503683812510427,45.789066682748455
573,5.6006590972993235,7.429445741315431,40.004707837852315
574,5.5498009549529845,7.361980858611103,39.64143539252132
575,6.255793480008524,8.298501555113349,44.68423914291803
576,5.855032965829035,7.766880464875252,41.82166404163597
577,5.901642207789598,7.828709051149467,42.154587198497126
578,5.334242588515502,7.076036086806278,38.101732775110726
579,5.695446095236262,7.555183595721572,40.68175782311616
580,6.436951918516433,8.538813769460576,45.9782279894031
581,6.349531453310987,8.42284784622886,45.35379609507848
582,6.216874342962315,8.246874128419398,44.406245306873686
583,4.619768155412009,6.128263879628176,32.998343967228635
584,5.558115533900583,7.373010402113019,39.700825242147026
585,5.888327865518867,7.811047168545437,42.059484753706194
586,5.082887384971986,6.742605714758758,36.30633846408562
587,3.7966264823853058,5.036341252143774,27.118760588466472
588,5.991224590510026,7.947542824145954,42.7944613607859
589,5.621031777637993,7.456470725438154,40.150226983128526
590,5.192545070678244,6.888069991716038,37.08960764770174
591,5.46807402366227,7.253567582409134,39.05767159758764
592,5.758377612807837,7.638664180255295,41.13126866291312
593,4.782884686394928,6.344642951340211,34.16346204567806
594,5.15624961240258,6.839922955227912,36.83035437430414
595,4.884568644047719,6.479529833940852,34.88977602891228
596,6.21000650938854,8.237763736943982,44.357189352775286
597,5.762580787162515,7.644239819705379,41.16129133687512
598,5.240468575660877,6.9516419881215725,37.4319183975777
599,5.65422202695983,7.500498607191611,40.387300192570216
600,6.332448570610895,8.400186879381799,45.23177550436353
601,5.7374489305710465,7.6109016425942455,40.98177807550748
602,5.775817919353125,7.661799280774555,41.255842281093756
603,5.878836504160318,7.798456587151443,41.99168931543085
604,5.066492648415057,6.720857594836301,36.189233202964694
605,4.2196375295831,5.597478355569419,30.140268068450716
606,5.2839480115537025,7.009318790836544,37.74248579681216
607,5.295416152564458,7.024531630952853,37.82440108974613
608,5.095505646699257,6.759344225213302,36.3964689049947
609,6.00121029119367,7.960789161787524,42.86578779424051
610,5.974000793660312,7.924694930365722,42.671434240430806
611,4.751747384646992,6.303338367388869,33.94105274747852
612,5.441875733915119,7.218814749071077,38.870540956536566
613,6.189887658815673,8.211075465775894,44.21348327725481
614,6.51740650200508,8.64553923735368,46.55290358575058
615,4.818304113200833,6.391627905266412,34.41645795143452
616,4.30949570714537,5.716677978866308,30.7821121938955
617,5.01933959366485,6.658307624249291,35.852425669034645
618,5.056655408050062,6.707808194352124,36.11896720035759
619,5.845750170827852,7.754566553138988,41.75535836305609
620,6.268188360872527,8.314943744014577,44.77277400623234
621,4.334324746459344,5.749614459588926,30.959462474709603
622,5.13891714116882,6.816930901550477,36.70655100834872
623,4.894149988280382,6.4922397803719365,34.95821420200273
624,6.741607470405124,8.942948685231288,48.154339074322316
625,7.053966528708971,9.35730253808333,50.38547520506408
626,6.3452873926931055,8.417217969899019,45.32348137637933
627,5.184682014690656,6.877639407242709,37.03344296207612
628,5.649577112025705,7.4943369853402215,40.35412222875504
629,6.606183354955876,8.763304450451672,47.18702396397054
630,5.612344023238321,7.444946153275325,40.08817159455944
631,6.353425495802421,8.42801341279913,45.381610684303006
632,5.341524661310023,7.085695979288807,38.15374758078588
633,5.802396127749434,7.697056087830883,41.44568662678168
634,4.542767687639129,6.026120401970274,32.44834062599378
635,5.186255811401422,6.879727096756988,37.04468436715301
636,5.889941203616063,7.813187310919268,42.071008597257595
637,6.429383823591548,8.528774459866343,45.92417016851107
638,6.589499170951287,8.74117236962926,47.06785122108062
639,4.525305567838801,6.002956365500451,32.32361119884858
640,5.580826150466329,7.403136730210437,39.863043931902354
641,4.715174012545602,6.25482266970335,33.67981437532573
642,5.945896785834961,7.887414103658622,42.47069132739258
643,5.891321290436025,7.815018038333504,42.080866360257325
644,5.23188830064506,6.940259990651611,37.37063071889329
645,5.722042770716714,7.590464899930336,40.87173407654796
646,5.049031864828203,6.697695330894556,36.064513320201456
647,5.717709553359409,7.58471675445636,40.840782523995784
648,5.764247579677843,7.646450871001221,41.17319699769888
649,5.011816092527593,6.64832746967946,35.79868637519709
650,6.042896299208438,8.016086927521398,43.16354499434599
651,5.577657653689551,7.398933622241242,39.840411812068226
652,6.817780252657816,9.043994212709348,48.69843037612726
653,5.979642476911978,7.932178795903645,42.7117319779427
654,5.459201391359795,7.241797764048708,38.99429565256997
655,7.177343563002568,9.520965950921774,51.26673973573263
656,5.5945004208517854,7.4212760684768595,39.960717291798474
657,4.8827995810193565,6.477183117678739,34.877139864423974
658,6.8924336572367935,9.143024239191664,49.23166898026281
659,5.98852134021862,7.943956879881843,42.775152430133
660,5.309023255517493,7.042581869564022,37.92159468226781
661,5.553971546269265,7.3675132756633115,39.67122533049475
662,5.92389503033712,7.85822810146761,42.313535930979434
663,4.79245690413528,6.357340791199862,34.23183502953772
664,5.421173635202543,7.191352781391129,38.722668822875306
665,5.703609541712828,7.566012657374159,40.74006815509163
666,5.351623932880049,7.099092972187821,38.22588523485749
667,4.808482736441053,6.378599548340172,34.346305260293235
668,4.541933960611952,6.025014437546467,32.442385432942515
669,4.519711079924474,5.9955351060222615,32.2836505708891
670,6.284528576683358,8.336619540498331,44.88948983345256
671,5.179511659305751,6.8707807725484455,36.996511852183936
672,5.415014058287587,7.1831819140549635,38.67867184491134
673,6.160682668452663,8.172334152029045,44.004876203233316
674,5.900306301900254,7.826936931092175,42.145045013573245
675,4.947921164896207,6.563568892209255,35.34229403497291
676,5.245117910230013,6.957809472754099,37.46512793021438
677,6.306407844385437,8.365643058878641,45.04577031703884
678,5.356012353807165,7.104914346887057,38.25723109862261
679,6.608632823405976,8.766553745334459,47.20452016718555
680,5.208872319871196,6.909728587584239,37.206230856222824
681,5.274131104831424,6.99629636355189,37.67236503451017
682,6.0680553015762815,8.049461114335886,43.3432521541163
683,5.919198574552448,7.851998109100188,42.279989818231776
684,5.445261251489378,7.223305741771624,38.89472322492413
685,6.214322022200256,8.243488396796259,44.38801444428755
686,5.998453186371369,7.957131777839571,42.84609418836692
687,7.038986452403682,9.337431008290599,50.278474660026305
688,4.646215935822807,6.1633476699690295,33.18725668444862
689,4.9635575677384685,6.584311059244908,35.45398262670335
690,5.556221651348986,7.37049810893233,39.68729750963562
691,5.057247671277349,6.708593849653626,36.123197651981066
692,5.309584024941027,7.043325747370751,37.9256001781502
693,5.103025606984697,6.769319682734802,36.45018290703355
694,5.9233332255032085,7.857482850157319,42.30952303930864
695,5.068289824047799,6.723241603328714,36.202070171769996
696,6.61263423557638,8.771861741070708,47.23310168268843
697,4.822842520540783,6.397648241533694,34.448875146719885
698,5.006240696318006,6.640931535932049,35.75886211655719
699,4.738884444347147,6.286275283317644,33.84917460247962
700,5.048082660331791,6.696436182072785,36.05773328808422
701,6.749608923652883,8.953562857906887,48.21149231180631
702,4.705364147124717,6.241809582920544,33.60974390803369
703,6.050393082281208,8.026031639760786,43.217093444865775
704,4.800439727151393,6.367930250302869,34.288855193938524
705,6.108469778551975,8.103072155222009,43.63192698965697
706,6.092127371666203,8.08139345221027,43.51519551190145
707,5.312919413670214,7.047750242623755,37.949424383358675
708,6.867027147799786,9.109321726673187,49.05019391285562
709,4.817797195532984,6.390955463462122,34.41283711094989
710,5.596181769312773,7.423506428680208,39.97272692366266
711,5.451975954146421,7.232213000398315,38.942685386760154
712,5.1072256413334225,6.774891156870867,36.48018315238159
713,4.433049257599977,5.880575545795888,31.66463755428555
714,3.9218411801898627,5.202442381884511,28.013151287070446
715,5.693162385325567,7.55215418461555,40.66544560946834
716,6.326778186744772,8.392664941600207,45.19127276246266
717,6.068221826051056,8.049682014149361,43.34444161465041
718,5.802723012546801,7.697489710521268,41.44802151819144
719,5.769709699613456,7.653696540303564,41.21221214009611
720,4.131173823576497,5.480128541479027,29.508384454117838
721,5.438348958768744,7.214136373876906,38.84534970549103
722,5.408828943910869,7.17497717049401,38.63449245650621
723,5.298412001017496,7.028505715635455,37.84580000726783
724,5.581897090584535,7.404557365061118,39.87069350417525
725,4.324432474991228,5.736492058661833,30.888803392794486
726,7.125031538228638,9.451572448670644,50.893082415918855
727,4.546070590989322,6.030501804373591,32.47193279278087
728,4.448363808234231,5.900890766025001,31.774027201673082
729,6.224196351194665,8.25658699648272,44.45854536567619
730,5.096152769776081,6.760202653784598,36.401091212686296
731,5.631524886294068,7.470390155288051,40.22517775924335
732,6.108391411949225,8.102968199524483,43.63136722820875
733,5.08266597795482,6.742312011572721,36.30475698539157
734,6.165372522246121,8.178555386653018,44.03837515890086
735,4.9262614557543865,6.534836624980309,35.187581826817045
736,6.238386760067831,8.275411008253245,44.55990542905594
737,5.4247857571214855,7.1961443716917675,38.7484696937249
738,5.861777296738466,7.775827026285721,41.86983783384619
739,7.197541020711111,9.547758496861679,51.411007290793655
740,5.209139244875446,6.910082671773551,37.20813746339604
741,6.551255601569724,8.690441104123105,46.794682868355174
742,5.7191231944400265,7.586591992624526,40.85087996028591
743,5.8072247987012595,7.703461467664937,41.480177133580426
744,6.037297737232082,8.008660263675212,43.123555265943445
745,7.14722338265449,9.481010609643713,51.05159559038921
746,6.270014462577088,8.31736612382675,44.78581758983635
747,5.95825929577997,7.903813351544859,42.55899496985693
748,5.63221926547291,7.47131127052529,40.23013761052079
749,5.316149131576962,7.0520345622959715,37.972493796978306
750,5.350411324081794,7.097484409496258,38.21722374344139
751,6.319339711329194,8.382797576253013,45.138140795208535
752,3.8909479912887113,5.1614616210972715,27.792485652062226
753,5.369805108165115,7.12321085777005,38.35575077260796
754,5.088935675307471,6.750628957040523,36.34954053791051
755,5.1969552751021695,6.893920262890633,37.12110910787264
756,5.097798004009496,6.762385107359536,36.41284288578211
757,5.548065741540631,7.359679044900838,39.62904101100451
758,6.392897146691135,8.480373766018854,45.663551047793824
759,5.579057958024236,7.40079116880766,39.8504139858874
760,5.351238271223595,7.098581380194565,38.22313050873996
761,4.71974903452861,6.260891576415505,33.71249310377579
762,5.035085479491768,6.67919502381561,35.964896282084055
763,6.996470706008489,9.281032569194934,49.97479075720349
764,5.589196075467409,7.414239691946563,39.922829110481494
765,5.379390833932332,7.13592661644085,38.424220242373806
766,5.148050054098038,6.829045990130051,36.771786100700275
767,6.4796364517187985,8.595436109422897,46.28311751227714
768,4.6372416247368795,6.151442971589739,33.12315446240628
769,4.753682349779173,6.305905157870333,33.9548739269941
770,5.467035022515143,7.252189315581313,39.05025016082245
771,4.999823903965011,6.632419464443383,35.71302788546437
772,6.337597290438038,8.407016813846377,45.26855207455741
773,4.85818351867159,6.444529157421497,34.70131084765421
774,5.967277637180996,7.915776457484995,42.62341169414997
775,4.897492257829398,6.496673403243079,34.982087555924274
776,6.061674340959957,8.0409965747428,43.2976738639997
777,5.190938402326774,6.885938696964089,37.07813144519125
778,5.34356418359763,7.088401468037674,38.16831559712593
779,6.91330473746582,9.17071036602609,49.38074812475586
780,5.83411586697033,7.739133292919826,41.672256192645214
781,6.885695989095258,9.134086516146773,49.18354277925185
782,6.363465366030027,8.441331607999016,45.453324043071625
783,6.057798954332601,8.03585575574733,43.26999253094716
784,5.673953884873282,7.526673520750273,40.52824203480916
785,4.039237674495959,5.358172425351782,28.851697674971135
786,4.650579503418563,6.169136075963401,33.21842502441831
787,5.126042762000639,6.799852643470234,36.614591157147416
788,5.434953505443134,7.209632201098034,38.82109646745096
789,6.88679315660386,9.135541942433694,49.191379690027574
790,5.1232709009660855,6.796175684955013,36.59479214975776
791,5.6284309705062405,7.466285981283789,40.203078360758866
792,5.1019554155756826,6.767900041069784,36.44253868268345
793,5.52283080081084,7.326204123524584,39.448791434363145
794,4.675434945896146,6.202107581290806,33.39596389925819
795,5.142891740988689,6.822203329882955,36.73494100706206
796,4.777646683979344,6.337694580788926,34.1260477427096
797,4.2443897028556306,5.63031287113502,30.317069306111648
798,6.771483944370104,8.982580742531772,48.36774245978646
799,6.270351105648091,8.317812691165836,44.78822218320065
800,6.313615742087826,8.37520455583079,45.09725530062733
801,4.782685707261062,6.34437899942794,34.16204076615045
802,5.953490069633728,7.8974868270651495,42.52492906881234
803,7.039675408595383,9.338344929769388,50.28339577568131
804,4.954585595620538,6.572409463578266,35.38989711157527
805,6.629383231331465,8.79407979666419,47.35273736665333
806,5.025689264402854,6.666730656860929,35.897780460020385
807,4.867023918299726,6.4562562181526975,34.76445655928376
808,5.93925611561133,7.878605051321152,42.42325796865236
809,6.471802500685136,8.585044133561917,46.22716071917955
810,6.362244698149419,8.439712354688005,45.44460498678156
811,5.706293219787492,7.569572638493613,40.759237284196374
812,5.550008101625286,7.362255645013135,39.64291501160918
813,5.971462160791387,7.921327356151841,42.65330114850991
814,5.760071452044761,7.6409111098552955,41.14336751460544
815,6.275291797823589,8.324366670582313,44.823512841597065
816,6.173842119001178,8.189790566021973,44.09887227857985
817,4.812775648637076,6.384294227783876,34.376968918836255
818,6.122395063952748,8.121544472590381,43.7313933139482
819,5.789916577810328,7.68050158280962,41.35654698435949
820,4.009289999023218,5.318445917071616,28.637785707308698
821,6.709085903393616,8.899807831032346,47.92204216709725
822,5.284142785114653,7.009577163927602,37.74387703653324
823,4.900917221999899,6.501216723061091,35.00655158571357
824,6.323235248618532,8.387965125718463,45.16596606156095
825,5.935026663131351,7.872994553133426,42.39304759379537
826,5.350509307794099,7.0976143878901325,38.21792362710071
827,5.637015417467283,7.477673512966804,40.26439583905202
828,6.470071103790419,8.582747382579127,46.21479359850299
829,6.67340192684056,8.852471943768093,47.667156620289724
830,5.989013253422303,7.944609417805097,42.7786660958736
831,5.157135725692955,6.841098411633511,36.836683754949675
832,5.985002207312879,7.9392886423538185,42.75001576652056
833,4.348200724734748,5.768021369546096,31.058576605248206
834,4.858986779661139,6.445594707713758,34.707048426151
835,6.044130547973974,8.017724196292006,43.17236105695696
836,4.571096161992476,6.063698990398183,32.65068687137483
837,6.036100925710829,8.007072656555183,43.11500661222021
838,4.867689484062925,6.457139111512044,34.76921060044947
839,5.297128228867995,7.026802752579994,37.83663020619996
840,6.28042774250161,8.331179658420504,44.86019816072579
841,5.814540183875648,7.7131655500391245,41.53242988482606
842,6.260191170371428,8.304335226002916,44.715651216938774
843,6.307248216040806,8.366757837605153,45.05177297172005
844,5.998883231499218,7.957702245866311,42.849165939280134
845,4.621556273232831,6.130635872655796,33.011116237377365
846,6.535090941056514,8.668998187115784,46.67922100754653
847,4.939576232130804,6.552499083438822,35.282687372362886
848,6.141769508824749,8.14724526680834,43.86978220589106
849,5.661815321730652,7.510571345152906,40.441538012361804
850,6.49548238093549,8.616456219608306,46.396302720967796
851,5.289030966038504,7.016061485561281,37.77879261456074
852,5.050966953047724,6.700262284655144,36.078335378912314
853,5.676965114936524,7.530668009609676,40.54975082097518
854,6.690090867979492,8.874610335074836,47.78636334271066
855,5.951037289824109,7.894233139562595,42.507409213029355
856,4.730575719361892,6.2752535052759795,33.78982656687066
857,6.389021865396972,8.475233086751087,45.63587046712124
858,5.20015999683025,6.898171424366658,37.143999977358924
859,5.951708096838789,7.895122985602477,42.512200691705644
860,5.677595188155341,7.531503821022392,40.554251343966726
861,4.589352066206226,6.087916006191934,32.781086187187334
862,4.83396750077313,6.412405868372521,34.52833929123665
863,6.387578642423736,8.473318607296793,45.62556173159812
864,5.474486943979427,7.26207451752373,39.10347817128162
865,4.865329177602876,6.454008092738511,34.75235126859198
866,5.675790254785947,7.529109521654829,40.54135896275677
867,4.469062749294689,5.928348544982751,31.92187678067635
868,5.47006863563808,7.256213496254596,39.07191882598629
869,5.516504307638577,7.317811836663418,39.40360219741841
870,6.794088594250025,9.012566502576565,48.52920424464304
871,5.7365400368656285,7.609695967270732,40.975285977611634
872,5.2893891215583215,7.016536589822264,37.78135086827373
873,5.430061760414673,7.203143151570486,38.78615543153338
874,4.714140316427208,6.253451440158543,33.67243083162292
875,6.220787150893119,8.252064587919445,44.434193934950855
876,4.653286412971953,6.172726874350551,33.23776009265681
877,4.979262646545498,6.605144327050151,35.566161761039275
878,6.806723802009792,9.029327492461968,48.61945572864137
879,5.927858096662668,7.863485230266805,42.341843547590486
880,4.762074810152713,6.317038013467885,34.01482007251938
881,4.877978335700711,6.470787588174413,34.842702397862226
882,5.580901851706987,7.403237150223554,39.863584655049905
883,4.970019564871775,6.592883096258478,35.50013974908411
884,5.786202992998343,7.675575398875354,41.3300213785596
885,5.6178150701919884,7.452203664540393,40.12725050137135
886,5.841707512730748,7.74920384341834,41.72648223379106
887,6.003943857673242,7.964415321403281,42.88531326909459
888,5.436006593823954,7.211029155072594,38.828618527313964
889,5.641055735319502,7.483033118280972,40.29325525228216
890,5.675956643701826,7.529330241645281,40.54254745501305
891,6.181592286999066,8.20007140112121,44.1542306214219
892,6.155628808722225,8.165630052386627,43.96877720515876
893,4.869264401002246,6.459228287043795,34.7804600071589
894,6.529333911216672,8.661361310797625,46.63809936583337
895,5.856418982503338,7.768719058422796,41.83156416073813
896,4.837843246133966,6.417547163238936,34.55602318667119
897,6.050585573128295,8.026286984762026,43.218468379487824
898,5.705520167525466,7.568547161003171,40.753715482324765
899,5.960633996559668,7.9069634648240505,42.57595711828335
900,4.8372481003010295,6.4167576840727945,34.551772145007355
901,6.13392112906742,8.136834150803722,43.81372235048158
902,4.956633469395001,6.575126030830104,35.404524781392865
903,5.55574680261755,7.3698682075538935,39.6839057329825
904,6.152718919291852,8.161769994978988,43.94799228065609
905,5.6621549805948925,7.511021913034042,40.44396414710638
906,4.429754629632196,5.876205120940669,31.641104497372833
907,5.243523919923221,6.9556949958165175,37.453742285165866
908,5.171124063372117,6.85965436977934,36.936600452657984
909,6.154280080825229,8.163840923543672,43.95914343446592
910,4.792116662848304,6.356889450717139,34.22940473463075
911,4.026602729432463,5.341411783941022,28.761448067374737
912,4.890358007280921,6.4872096014951,34.93112862343515
913,5.455970622077865,7.237512049695129,38.971218729127614
914,4.728648400806381,6.272696858212547,33.77606000575987
915,5.961014616480374,7.9074683688004965,42.57867583200267
916,5.731389813827142,7.602864038750291,40.93849867019387
917,6.590878869532633,8.743002582033084,47.077706210947376
918,4.94332314884274,6.557469483158738,35.309451063162435
919,5.227848179487756,6.934900646259268,37.34177271062683
920,4.864625293975934,6.453074369559912,34.74732352839953
921,5.768910568662281,7.652636468633639,41.20650406187344
922,5.97014586681974,7.919581251903737,42.64389904871243
923,6.252318410225063,8.2938917686659,44.659417215893306
924,5.3336061529590175,7.075191835557881,38.097186806850125
925,6.0388634088962885,8.010737175066506,43.13473863497349
926,5.653043494951762,7.4989352484054,40.3788821067983
927,6.805942615225474,9.028291224278693,48.61387582303911
928,5.8487824323219835,7.758588940835284,41.777017373728455
929,5.968590119498006,7.91751750545654,42.632786567842906
930,4.972779954823843,6.596544838031629,35.51985682017031
931,5.631543420931409,7.47041474205187,40.225310149510065
932,5.289593438917226,7.016807623053464,37.78281027798019
933,4.965735355473877,6.587199961342898,35.46953825338483
934,5.220683364836683,6.925396300293561,37.29059546311917
935,4.835915470841526,6.414989910299984,34.542253363153755
936,4.70454866951705,6.240727826910373,33.60391906797893
937,5.543405059062711,7.353496506919924,39.59575042187651
938,4.555682280207871,6.043252004357382,32.54058771577051
939,4.972295030878802,6.595901571573921,35.51639307770573
940,5.898616694459402,7.824695615099207,42.13297638899573
941,6.498594809738063,8.620584951693349,46.41853435527188
942,6.539590791907841,8.674967377020607,46.71136279934173
943,5.611522571472845,7.443856472361937,40.08230408194889
944,5.239755120533431,6.9506955680545515,37.42682228952451
945,6.009885359909524,7.972296906002431,42.92775257078232
946,4.471750655635253,5.931914135026356,31.94107611168038
947,5.87521379278383,7.793650949611205,41.965812805598794
948,6.41665237867181,8.511885808442198,45.83323127622722
949,4.595115531744044,6.095561419660468,32.82225379817175
950,5.319210203408483,7.056095167786764,37.994358595774884
951,5.103710341867928,6.77022800451868,36.4550738704852
952,5.748836465026743,7.62600755564772,41.06311760733388
953,5.816855710473655,7.7162371669548495,41.548969360526115
954,5.769491480635594,7.653407066149258,41.21065343311139
955,5.570977328926042,7.390071966942709,39.79269520661459
956,6.653344786779972,8.825865533483638,47.52389133414266
957,5.8788483699752785,7.798472327518227,41.99177407125199
958,6.26800416862527,8.314699407360052,44.77145834732336
959,5.891750426181214,7.815587300036306,42.083931615580106
960,4.696745130032429,6.230376192900161,33.54817950023164
961,4.714154803586185,6.253470657818409,33.67253431132989
962,3.8385294890631827,5.09192687324708,27.418067779022735
963,5.296360810924337,7.0257847491853465,37.83114864945956
964,5.024351494235388,6.664956063781638,35.8882249588242
965,5.535829996368407,7.343447954366255,39.54164283120291
966,6.2743521018813535,8.323120135148736,44.81680072772396
967,5.876191191157654,7.79494749847444,41.972794222554676
968,7.041645512447684,9.340958332838767,50.297467946054894
969,5.295866920810684,7.0251295888305,37.82762086293346
970,4.37559395360926,5.804359326216366,31.254242525780434
971,6.934599515971245,9.198958541594509,49.5328536855089
972,4.862460924932006,6.450203267766947,34.73186374951433
973,5.676853077775393,7.5305193888857245,40.54895055553852
974,5.071699202479212,6.72776424818671,36.226422874851515
975,5.160212930235849,6.845180417659799,36.85866378739892
976,5.379210850675183,7.135687863140549,38.42293464767988
977,5.573420066408522,7.393312332990896,39.81014333148944
978,6.713057896968516,8.905076802101092,47.950413549775114
979,4.427451311076896,5.873149698367312,31.624652221977833
980,6.0474663071428,8.022149182944533,43.19618790816286
981,6.855031641987925,9.093409321004392,48.964511728485185
982,6.972237623097277,9.248886642884145,49.8016973078377
983,6.853363955677314,9.091197084061744,48.95259968340939
984,5.879948710795739,7.799931963300472,41.999633648541
985,6.214729191548283,8.244028519400784,44.39092279677345
986,5.847133262452718,7.756401266518913,41.76523758894799
987,5.682304985272701,7.537751511076033,40.58789275194787
988,4.947038688731968,6.562398260562816,35.335990633799774
989,5.134195718155121,6.810667789389448,36.67282655825087
990,6.066249823799818,8.047066092795678,43.330355884284415
991,5.7640343703800045,7.646168042340824,41.17167407414289
992,5.973566043904997,7.92411822150663,42.6683288850357
993,6.081302049644732,8.06703333116138,43.43787178317666
994,5.611069630880239,7.4432556328003185,40.07906879200171
995,4.738787896663587,6.286147209859862,33.848484976168486
996,5.997602977196067,7.9560039493417225,42.8400212656862
997,6.020940224939521,7.986961522878958,43.006715892425156
998,5.079022386664636,6.737478676187783,36.27873133331883
999,3.692434800651662,4.898127796782817,26.374534290369013
